task_id,family,parent_correct,derived_correct,parent_valid_proof,derived_valid_proof,parent_nodes_visited,parent_edges_examined,parent_search_steps,parent_compute_credits,derived_nodes_visited,derived_edges_examined,derived_search_steps,derived_compute_credits,delta_nodes_visited,delta_edges_examined,delta_search_steps,delta_compute_credits
test-02d2dc977bbb3183,path,True,True,True,True,25,392,33,58,25,392,33,58,0,0,0,0
test-1cfda893d34b0813,path,True,True,True,True,2,3,33,35,2,3,33,35,0,0,0,0
test-6eb58820b5ccacc4,distractor,True,True,True,True,3,6,33,36,3,6,33,36,0,0,0,0
test-6a0166581b581ec9,intersection,True,True,True,True,1,10,33,34,1,10,33,34,0,0,0,0
test-31c4a0480ff04828,path,True,True,True,True,9,21,33,42,9,21,33,42,0,0,0,0
test-2232c902d2e19043,distractor,True,True,True,True,10,20,33,43,10,20,33,43,0,0,0,0
test-25d93c91b4c7d46c,semantic_hybrid,True,True,True,True,11,116,33,44,11,116,33,44,0,0,0,0
test-0144ab80d5f59be6,robustness,True,True,True,True,4,9,33,37,4,9,33,37,0,0,0,0
test-6d84322d4a3d84e1,path,True,True,True,True,3,10,33,36,3,10,33,36,0,0,0,0
test-6c8ede733c5eb797,path,True,True,True,True,5,15,33,38,5,15,33,38,0,0,0,0
test-45e4b3e19278031d,distractor,True,True,True,True,11,49,33,44,11,49,33,44,0,0,0,0
test-039da27bc9f56501,intersection,True,True,True,True,1,3,33,34,1,3,33,34,0,0,0,0
test-348955b8a9e3f627,path,True,True,True,True,4,12,33,37,4,12,33,37,0,0,0,0
test-0dda74539f561997,distractor,True,True,True,True,7,17,33,40,7,17,33,40,0,0,0,0
test-68f8d8f79bfe8f8c,semantic_hybrid,True,True,True,True,114,3908,33,147,114,3908,33,147,0,0,0,0
test-2d54c50aa1757498,robustness,True,True,True,True,70,3595,33,103,70,3595,33,103,0,0,0,0
test-2624aa54351eb0e6,path,True,True,True,True,19,155,33,52,19,155,33,52,0,0,0,0
test-69f7b92c3d150ab0,path,True,True,True,True,12,208,33,45,12,208,33,45,0,0,0,0
test-4d91b0cd16310f2f,distractor,True,True,True,True,12,403,33,45,12,403,33,45,0,0,0,0
test-042490065cca3152,intersection,True,True,True,True,1,3,33,34,1,3,33,34,0,0,0,0
test-7f1743ccb33f6cb3,path,True,True,True,True,3,5,33,36,3,5,33,36,0,0,0,0
test-7bcf9fdbefd30c39,distractor,True,True,True,True,2,10,33,35,2,10,33,35,0,0,0,0
test-21c524e2bce5b442,semantic_hybrid,True,True,True,True,5,13,33,38,5,13,33,38,0,0,0,0
test-3ed742398abb934f,robustness,True,True,True,True,39,1713,33,72,39,1713,33,72,0,0,0,0
test-7a9828ee3073a6f9,path,True,True,True,True,4,26,33,37,4,26,33,37,0,0,0,0
test-6fa685ab1eaccac1,path,True,True,True,True,12,44,33,45,12,44,33,45,0,0,0,0
test-022cf50940ce15d3,distractor,True,True,True,True,3,9,33,36,3,9,33,36,0,0,0,0
test-35709a6f3b34701e,intersection,True,True,True,True,6,11,33,39,6,11,33,39,0,0,0,0
test-75a5a3d59f5a9e28,path,True,False,True,False,1337,41848,33,1370,970,33407,33,1003,-367,-8441,0,-367
test-298b21a43415de01,distractor,True,True,True,True,13,54,33,46,13,54,33,46,0,0,0,0
test-05504e1a1e329033,semantic_hybrid,True,True,True,True,93,658,33,126,93,658,33,126,0,0,0,0
test-19a5cdab4a1e836b,robustness,True,True,True,True,433,1982,33,466,433,1982,33,466,0,0,0,0
test-73309194af2fe92d,path,True,True,True,True,501,35954,33,534,501,35954,33,534,0,0,0,0
test-164b290fb4d4a4c0,path,True,True,True,True,9,32,33,42,9,32,33,42,0,0,0,0
test-6756403e8ce81e1e,distractor,True,True,True,True,11,48,33,44,11,48,33,44,0,0,0,0
test-7b947730f9754475,intersection,True,True,True,True,46,59,33,79,46,59,33,79,0,0,0,0
test-15a519f6cd748523,path,True,True,True,True,209,2410,33,242,209,2410,33,242,0,0,0,0
test-14e210e134124f8a,distractor,True,True,True,True,15,22,33,48,15,22,33,48,0,0,0,0
test-42955d7a33fb6b2b,semantic_hybrid,True,True,True,True,31,293,33,64,31,293,33,64,0,0,0,0
test-6763448f25cec8f9,robustness,True,True,True,True,5,25,33,38,5,25,33,38,0,0,0,0
test-1b97bc342b04b0d0,path,True,True,True,True,11,299,33,44,11,299,33,44,0,0,0,0
test-7ef0b741424424bc,path,True,True,True,True,3,10,33,36,3,10,33,36,0,0,0,0
test-1f894e75076f8028,distractor,True,True,True,True,3,14,33,36,3,14,33,36,0,0,0,0
test-0455c8a91b5ced33,intersection,True,True,True,True,1,1,33,34,1,1,33,34,0,0,0,0
test-32ca6cc8183d9980,path,True,True,True,True,4,26,33,37,4,26,33,37,0,0,0,0
test-00a8253e2ea78504,distractor,True,True,True,True,2,9,33,35,2,9,33,35,0,0,0,0
test-6dcd68f800b49927,semantic_hybrid,True,True,True,True,2,8,33,35,2,8,33,35,0,0,0,0
test-78fa26c4f525eff5,robustness,True,True,True,True,4,7,33,37,4,7,33,37,0,0,0,0
test-05d931cb9a48cd79,path,True,True,True,True,5,179,33,38,5,179,33,38,0,0,0,0
test-0ef1c97366011fe0,path,True,True,True,True,9,42,33,42,9,42,33,42,0,0,0,0
test-3c5ff29a63050c59,distractor,True,True,True,True,17,57,33,50,17,57,33,50,0,0,0,0
test-27bdb949ccb7a238,intersection,True,True,True,True,1,4,33,34,1,4,33,34,0,0,0,0
test-0c1f0297e70b2f97,path,True,True,True,True,258,16239,33,291,258,16239,33,291,0,0,0,0
test-4a6fed43a5802737,distractor,True,True,True,True,8,45,33,41,8,45,33,41,0,0,0,0
test-64b78c919dfc6de0,semantic_hybrid,True,True,True,True,8,36,33,41,8,36,33,41,0,0,0,0
test-5c8c2bcb69520ce8,robustness,True,True,True,True,2,5,33,35,2,5,33,35,0,0,0,0
test-07bb371aefe628bd,path,True,True,True,True,6,14,33,39,6,14,33,39,0,0,0,0
test-12ae9a2462b777d4,path,True,True,True,True,3,5,33,36,3,5,33,36,0,0,0,0
test-5abbd0b1b368b9da,distractor,True,True,True,True,8,22,33,41,8,22,33,41,0,0,0,0
test-4b10d77d77d8add5,intersection,True,True,True,True,4,10,33,37,4,10,33,37,0,0,0,0
test-6e4285d4712fc714,path,True,True,True,True,11,77,33,44,11,77,33,44,0,0,0,0
test-0267884020e74340,distractor,True,True,True,True,4,10,33,37,4,10,33,37,0,0,0,0
test-0079512eb1b1f3fc,semantic_hybrid,True,True,True,True,6,17,33,39,6,17,33,39,0,0,0,0
test-2bc4b7a4f1e39c50,robustness,True,True,True,True,8,47,33,41,8,47,33,41,0,0,0,0
test-4b4d99cf80838d89,path,True,True,True,True,10,33,33,43,10,33,33,43,0,0,0,0
test-5b2a646dbece22ea,path,True,True,True,True,7,38,33,40,7,38,33,40,0,0,0,0
test-3ad47ed1f2783292,distractor,True,True,True,True,4,32,33,37,4,32,33,37,0,0,0,0
test-0335feb737cda01f,intersection,True,True,True,True,1,10,33,34,1,10,33,34,0,0,0,0
test-5b11d633236d5519,path,True,True,True,True,2309,18024,33,2342,2309,18024,33,2342,0,0,0,0
test-1bc1b82054928bc6,distractor,True,True,True,True,8,29,33,41,8,29,33,41,0,0,0,0
test-016e8e7df204592b,semantic_hybrid,True,True,True,True,5,150,33,38,5,150,33,38,0,0,0,0
test-7c0d2960eb2560b9,robustness,True,True,True,True,167,1673,33,200,167,1673,33,200,0,0,0,0
test-22a2ad8e7640161f,path,True,True,True,True,367,17469,33,400,367,17469,33,400,0,0,0,0
test-2315640381c8e6de,path,True,True,True,True,5,14,33,38,5,14,33,38,0,0,0,0
test-71ae97326cc9d81e,distractor,True,True,True,True,5,213,33,38,5,213,33,38,0,0,0,0
test-7079b434dee0bdae,intersection,True,True,True,True,1,2,33,34,1,2,33,34,0,0,0,0
test-2a088c320e0aba39,path,True,True,True,True,170,384,33,203,170,384,33,203,0,0,0,0
test-7865c7ee714ae535,distractor,True,True,True,True,124,2946,33,157,124,2946,33,157,0,0,0,0
test-5b5db0497a6d5a1e,semantic_hybrid,True,True,True,True,1429,8847,33,1462,1429,8847,33,1462,0,0,0,0
test-051da9c6e7aaff45,robustness,True,True,True,True,2,7,33,35,2,7,33,35,0,0,0,0
test-449c858f9a640356,path,True,True,True,True,33,41,33,66,33,41,33,66,0,0,0,0
test-69bb7e9e6df901c5,path,True,True,True,True,219,10252,33,252,219,10252,33,252,0,0,0,0
test-159810706e29a95f,distractor,True,True,True,True,4,8,33,37,4,8,33,37,0,0,0,0
test-1521bf9f4c33b94c,intersection,True,True,True,True,1,2,33,34,1,2,33,34,0,0,0,0
test-37bc4d9f4d2109ff,path,True,True,True,True,15,69,33,48,15,69,33,48,0,0,0,0
test-1c6eb082944c33a7,distractor,True,True,True,True,29,357,33,62,29,357,33,62,0,0,0,0
test-1ae86cdc4a75ff72,semantic_hybrid,True,True,True,True,8,50,33,41,8,50,33,41,0,0,0,0
test-5b662f8742673888,robustness,True,True,True,True,3,20,33,36,3,20,33,36,0,0,0,0
test-72240a2e1c490cd4,path,True,True,True,True,29,203,33,62,29,203,33,62,0,0,0,0
test-00ef255d36406557,path,True,True,True,True,33,125,33,66,33,125,33,66,0,0,0,0
test-26665c34959ad650,distractor,True,True,True,True,13,202,33,46,13,202,33,46,0,0,0,0
test-3fcdafe9ad5ca66e,intersection,True,True,True,True,2,3,33,35,2,3,33,35,0,0,0,0
test-46879a9cd2a915e8,path,True,True,True,True,17,135,33,50,17,135,33,50,0,0,0,0
test-670dc2dbc7d4cfee,distractor,True,True,True,True,3,18,33,36,3,18,33,36,0,0,0,0
test-6449d0b3992044c5,semantic_hybrid,True,True,True,True,7,17,33,40,7,17,33,40,0,0,0,0
test-74fb2c695d4b2c63,robustness,True,True,True,True,7,49,33,40,7,49,33,40,0,0,0,0
test-5230f4b852829b75,path,True,True,True,True,2,24,33,35,2,24,33,35,0,0,0,0
test-462429f043eb6190,path,True,True,True,True,7,17,33,40,7,17,33,40,0,0,0,0
test-475e287ce0d68db3,distractor,True,True,True,True,10,358,33,43,10,358,33,43,0,0,0,0
test-6e02bad13fb1436d,intersection,True,True,True,True,1,4,33,34,1,4,33,34,0,0,0,0
test-7a52432a13d9b43c,path,True,True,True,True,11,26,33,44,11,26,33,44,0,0,0,0
test-50456e04f1a193f6,distractor,True,True,True,True,2,13,33,35,2,13,33,35,0,0,0,0
test-6f6451d04230c7d8,semantic_hybrid,True,True,True,True,34,459,33,67,34,459,33,67,0,0,0,0
test-439eb19bda64c1fe,robustness,True,True,True,True,12,82,33,45,12,82,33,45,0,0,0,0
test-1f1c68cd458bed8d,path,True,True,True,True,4,15,33,37,4,15,33,37,0,0,0,0
test-6edd14eec837ea54,path,True,True,True,True,40,2494,33,73,40,2494,33,73,0,0,0,0
test-6a2230d2a114acec,distractor,True,True,True,True,20,100,33,53,20,100,33,53,0,0,0,0
test-4283176fd1a81f0c,intersection,True,True,True,True,6,12,33,39,6,12,33,39,0,0,0,0
test-69fa7a3c2bc94696,path,True,True,True,True,307,10777,33,340,307,10777,33,340,0,0,0,0
test-49ec7a4beb1dc96d,distractor,True,True,True,True,8,80,33,41,8,80,33,41,0,0,0,0
test-3ad77b44b47ff580,semantic_hybrid,True,True,True,True,22,241,33,55,22,241,33,55,0,0,0,0
test-69ce8a2cd2cadb49,robustness,True,True,True,True,5,31,33,38,5,31,33,38,0,0,0,0
test-53c205220b670379,path,True,True,True,True,62,211,33,95,62,211,33,95,0,0,0,0
test-0f1c74f7830ddbd8,path,True,True,True,True,480,24094,33,513,480,24094,33,513,0,0,0,0
test-235586c2103b4c9c,distractor,True,True,True,True,12,55,33,45,12,55,33,45,0,0,0,0
test-4464e053b6e67472,intersection,True,True,True,True,1,6,33,34,1,6,33,34,0,0,0,0
test-45fa722ec2f44541,path,True,True,True,True,3,9,33,36,3,9,33,36,0,0,0,0
test-418114a87acea36f,distractor,True,True,True,True,14,65,33,47,14,65,33,47,0,0,0,0
test-70f602d01e6cda37,semantic_hybrid,True,True,True,True,54,571,33,87,54,571,33,87,0,0,0,0
test-267f46ce957281f5,robustness,True,True,True,True,5,12,33,38,5,12,33,38,0,0,0,0
test-70364ed53c136bf5,path,True,True,True,True,105,917,33,138,105,917,33,138,0,0,0,0
test-665f585f20fbedc4,path,True,True,True,True,4,42,33,37,4,42,33,37,0,0,0,0
test-0231c85f68ed2d6e,distractor,True,True,True,True,3,7,33,36,3,7,33,36,0,0,0,0
test-2cd08f363f032443,intersection,True,True,True,True,1,1,33,34,1,1,33,34,0,0,0,0
test-70e8d578c960607f,path,True,True,True,True,9,26,33,42,9,26,33,42,0,0,0,0
test-5c146bebd77d22f8,distractor,True,True,True,True,8,35,33,41,8,35,33,41,0,0,0,0
test-68306df519c7768f,semantic_hybrid,True,True,True,True,6,15,33,39,6,15,33,39,0,0,0,0
test-295325d90748b013,robustness,True,True,True,True,248,1672,33,281,248,1672,33,281,0,0,0,0
test-0e7664ccdb7cd250,path,True,True,True,True,5,120,33,38,5,120,33,38,0,0,0,0
test-400705f75c6f8d2a,path,True,True,True,True,12,50,33,45,12,50,33,45,0,0,0,0
test-28aaa713009543e1,distractor,True,True,True,True,7,23,33,40,7,23,33,40,0,0,0,0
test-22fe69deff865cff,intersection,True,True,True,True,9,15,33,42,9,15,33,42,0,0,0,0
test-2dece23e13b8ddef,path,True,True,True,True,10,19,33,43,10,19,33,43,0,0,0,0
test-35386f4b384c84c8,distractor,True,True,True,True,6,38,33,39,6,38,33,39,0,0,0,0
test-02439c8a900320ec,semantic_hybrid,True,True,True,True,39,1945,33,72,39,1945,33,72,0,0,0,0
test-279694d55853bdc3,robustness,True,True,True,True,6,14,33,39,6,14,33,39,0,0,0,0
test-458c752f96a155d9,path,True,True,True,True,121,2772,33,154,121,2772,33,154,0,0,0,0
test-6a8c0369f6aa50d9,path,True,True,True,True,16,79,33,49,16,79,33,49,0,0,0,0
test-2d1a9215b82e29c4,distractor,True,True,True,True,25,99,33,58,25,99,33,58,0,0,0,0
test-50b0ab017c7b5aae,intersection,True,True,True,True,7,15,33,40,7,15,33,40,0,0,0,0
test-16b5e906ca0fc89c,path,True,True,True,True,161,898,33,194,161,898,33,194,0,0,0,0
test-4d06d3943dfceb7a,distractor,True,True,True,True,123,745,33,156,123,745,33,156,0,0,0,0
test-29fdfb188b39c4c6,semantic_hybrid,True,True,True,True,19,336,33,52,19,336,33,52,0,0,0,0
test-578620a45142a5a8,robustness,True,True,True,True,8,30,33,41,8,30,33,41,0,0,0,0
test-0e7e00ceb52dfc82,path,True,True,True,True,19,246,33,52,19,246,33,52,0,0,0,0
test-4ca3a0052503a49e,path,True,True,True,True,7,22,33,40,7,22,33,40,0,0,0,0
test-4902e48e969bb7a6,distractor,True,True,True,True,410,17365,33,443,410,17365,33,443,0,0,0,0
test-24ea9c5ca1b4c62a,intersection,True,True,True,True,1,5,33,34,1,5,33,34,0,0,0,0
test-54308a5a17458b44,path,True,True,True,True,6,31,33,39,6,31,33,39,0,0,0,0
test-18cc2f0197500f68,distractor,True,True,True,True,475,25747,33,508,475,25747,33,508,0,0,0,0
test-70f31b4e69130c65,semantic_hybrid,True,True,True,True,2,6,33,35,2,6,33,35,0,0,0,0
test-6dd6515fd3fd4ca5,robustness,True,True,True,True,3,196,33,36,3,196,33,36,0,0,0,0
test-2dbe4bfdd9739fe4,path,True,True,True,True,8,115,33,41,8,115,33,41,0,0,0,0
test-5d4192c46c47c90d,path,True,True,True,True,6,20,33,39,6,20,33,39,0,0,0,0
test-18ab7e3678c04ed7,distractor,True,True,True,True,18,185,33,51,18,185,33,51,0,0,0,0
test-68d1a932525d2f4c,intersection,True,True,True,True,1,2,33,34,1,2,33,34,0,0,0,0
test-0f3b03bff7e005ef,path,True,True,True,True,28,167,33,61,28,167,33,61,0,0,0,0
test-6cdd91e53151443e,distractor,True,True,True,True,9,89,33,42,9,89,33,42,0,0,0,0
test-45af33152b0062b6,semantic_hybrid,True,True,True,True,9,33,33,42,9,33,33,42,0,0,0,0
test-4d7eba11186f9295,robustness,True,True,True,True,432,17932,33,465,432,17932,33,465,0,0,0,0
test-32ccccecbe159f2b,path,True,True,True,True,7,13,33,40,7,13,33,40,0,0,0,0
test-54ad5ac991436495,path,True,True,True,True,28,419,33,61,28,419,33,61,0,0,0,0
test-09ec98e2e11e404a,distractor,True,True,True,True,52,204,33,85,52,204,33,85,0,0,0,0
test-5eae5f8592e3d43d,intersection,True,True,True,True,1,7,33,34,1,7,33,34,0,0,0,0
test-34e848fb485895ee,path,True,True,True,True,15,59,33,48,15,59,33,48,0,0,0,0
test-158065352341ed72,distractor,True,True,True,True,2,8,33,35,2,8,33,35,0,0,0,0
test-43fa05c732cce5aa,semantic_hybrid,True,True,True,True,4,14,33,37,4,14,33,37,0,0,0,0
test-32e4ab3f15790fd2,robustness,True,True,True,True,6,36,33,39,6,36,33,39,0,0,0,0
test-056a41239916620b,path,True,True,True,True,15,59,33,48,15,59,33,48,0,0,0,0
test-61db84f284d99891,path,True,True,True,True,6,34,33,39,6,34,33,39,0,0,0,0
test-609f6395d26e6082,distractor,True,True,True,True,3,20,33,36,3,20,33,36,0,0,0,0
test-10d5e263cbe335f5,intersection,True,True,True,True,1,5,33,34,1,5,33,34,0,0,0,0
test-5b2f5f828acf190d,path,True,True,True,True,2006,3599,33,2039,2006,3599,33,2039,0,0,0,0
test-60be6abbee9c6ce8,distractor,True,True,True,True,5,23,33,38,5,23,33,38,0,0,0,0
test-3ce755e29e03cf18,semantic_hybrid,True,True,True,True,8,22,33,41,8,22,33,41,0,0,0,0
test-6a1b5685b4581cb8,robustness,True,True,True,True,2,5,33,35,2,5,33,35,0,0,0,0
test-3630a657d9df914a,path,True,True,True,True,8,57,33,41,8,57,33,41,0,0,0,0
test-1aadbb3d5f0bc072,path,True,True,True,True,374,16263,33,407,374,16263,33,407,0,0,0,0
test-1b639072f69b3049,distractor,True,True,True,True,10,19,33,43,10,19,33,43,0,0,0,0
test-01063cfda635339e,intersection,True,True,True,True,14,20,33,47,14,20,33,47,0,0,0,0
test-78d18e2dde59ccca,path,True,True,True,True,21,75,33,54,21,75,33,54,0,0,0,0
test-65f190899d23289e,distractor,True,True,True,True,104,1933,33,137,104,1933,33,137,0,0,0,0
test-4b5369d9b0a89a85,semantic_hybrid,True,True,True,True,4,31,33,37,4,31,33,37,0,0,0,0
test-4e68265cd9605175,robustness,True,True,True,True,16,53,33,49,16,53,33,49,0,0,0,0
test-7416914c9e676022,path,True,True,True,True,7,20,33,40,7,20,33,40,0,0,0,0
test-24040bd20e4dd3bc,path,True,True,True,True,786,5524,33,819,786,5524,33,819,0,0,0,0
test-19587001bb9bd51e,distractor,True,True,True,True,417,17816,33,450,417,17816,33,450,0,0,0,0
test-5bfe44e6baf27ce8,intersection,True,True,True,True,1,5,33,34,1,5,33,34,0,0,0,0
test-08c3513e65fcd400,path,True,True,True,True,11,50,33,44,11,50,33,44,0,0,0,0
test-6ec90540e9c0cf14,distractor,True,True,True,True,52,4077,33,85,52,4077,33,85,0,0,0,0
test-36a92556bb12948e,semantic_hybrid,True,True,True,True,125,2239,33,158,125,2239,33,158,0,0,0,0
test-6e05aded3405864c,robustness,True,True,True,True,17,252,33,50,17,252,33,50,0,0,0,0
test-7001ff4ebb1fed33,path,True,True,True,True,3,12,33,36,3,12,33,36,0,0,0,0
test-1cb70b2ff1207a3e,path,True,True,True,True,5,13,33,38,5,13,33,38,0,0,0,0
test-68aec0ded0c37f0c,distractor,True,True,True,True,4,10,33,37,4,10,33,37,0,0,0,0
test-11607fc0ab50c19b,intersection,True,True,True,True,1,2,33,34,1,2,33,34,0,0,0,0
test-611e757f0ce135c6,path,False,False,False,False,2884,16262,33,2917,2884,16262,5,2889,0,0,-28,-28
test-3c8ab7dfc415ec79,distractor,True,True,True,True,67,2154,33,100,67,2154,33,100,0,0,0,0
test-72a744e69d50d6cc,semantic_hybrid,True,True,True,True,5,30,33,38,5,30,33,38,0,0,0,0
test-39b81fc657378296,robustness,True,True,True,True,3,21,33,36,3,21,33,36,0,0,0,0
test-25a175dc4d382898,path,True,True,True,True,14,57,33,47,14,57,33,47,0,0,0,0
test-5c9f682e6f8bcf19,path,True,True,True,True,2,23,33,35,2,23,33,35,0,0,0,0
test-36c4c76221c18a9a,distractor,True,True,True,True,7,21,33,40,7,21,33,40,0,0,0,0
test-3a8a9cff6032cf86,intersection,True,True,True,True,4,11,33,37,4,11,33,37,0,0,0,0
test-3c969a7b608b535e,path,True,True,True,True,137,298,33,170,137,298,33,170,0,0,0,0
test-4922a9f164d01126,distractor,True,True,True,True,7,14,33,40,7,14,33,40,0,0,0,0
test-2d6500c3d3895660,semantic_hybrid,True,True,True,True,80,4601,33,113,80,4601,33,113,0,0,0,0
test-0bdc4beb3711f57d,robustness,True,True,True,True,4,9,33,37,4,9,33,37,0,0,0,0
test-1b021874d1573e9d,path,True,True,True,True,6,17,33,39,6,17,33,39,0,0,0,0
test-7d49d36f7db19bda,path,True,True,True,True,5,12,33,38,5,12,33,38,0,0,0,0
test-469b0193c19ac077,distractor,True,True,True,True,12,18,33,45,12,18,33,45,0,0,0,0
test-14f3cfcbfbe19861,intersection,True,True,True,True,1,8,33,34,1,8,33,34,0,0,0,0
test-7bb250157ef424a6,path,False,False,False,False,2006,3594,33,2039,2006,3594,33,2039,0,0,0,0
test-29f8f816d025887f,distractor,False,False,False,False,3546,46113,33,3579,2014,11489,33,2047,-1532,-34624,0,-1532
test-3a7b0b3aa1a93ec8,semantic_hybrid,False,False,False,False,2721,56027,5,23293,2721,14807,5,2726,0,-41220,0,-20567
test-61562173793af16d,robustness,False,False,False,False,2,18,33,35,2,18,33,35,0,0,0,0
test-57773817aa630abf,path,True,True,True,True,92,2481,33,125,92,2481,33,125,0,0,0,0
test-21548f03e351ff79,path,True,True,True,True,12,308,33,45,12,308,33,45,0,0,0,0
test-36191b91e290223c,distractor,True,True,True,True,8,18,33,41,8,18,33,41,0,0,0,0
test-448619e04ba5f335,intersection,True,True,True,True,1,4,33,34,1,4,33,34,0,0,0,0
test-66f9814d9d5edcea,path,True,True,True,True,561,34096,33,594,561,34096,33,594,0,0,0,0
test-2603c0737a8ad624,distractor,True,True,True,True,3,8,33,36,3,8,33,36,0,0,0,0
test-3efd131635dc8248,semantic_hybrid,True,True,True,True,10,35,33,43,10,35,33,43,0,0,0,0
test-00847be3840b0fa6,robustness,True,True,True,True,18,87,33,51,18,87,33,51,0,0,0,0
test-62c6a3cbcaae7d24,path,True,True,True,True,8,24,33,41,8,24,33,41,0,0,0,0
test-23ec268983e911cb,path,True,True,True,True,7,16,33,40,7,16,33,40,0,0,0,0
test-53c53253b94ef184,distractor,True,True,True,True,3,8,33,36,3,8,33,36,0,0,0,0
test-051fbb053446d7b7,intersection,True,True,True,True,1,3,33,34,1,3,33,34,0,0,0,0
test-2fec9c1a9d92d1ec,path,True,True,True,True,75,2363,33,108,75,2363,33,108,0,0,0,0
test-58874f9734dba892,distractor,True,True,True,True,62,924,33,95,62,924,33,95,0,0,0,0
test-2d14cb8338fe603f,semantic_hybrid,True,True,True,True,18,136,33,51,18,136,33,51,0,0,0,0
test-7ee547eea2a6ec7d,robustness,True,True,True,True,7,36,33,40,7,36,33,40,0,0,0,0
test-7e566221cceb8f35,path,True,True,True,True,92,3599,33,125,92,3599,33,125,0,0,0,0
test-143238768520a1f7,path,True,True,True,True,22,66,33,55,22,66,33,55,0,0,0,0
test-1041d97729929d93,distractor,True,True,True,True,18,175,33,51,18,175,33,51,0,0,0,0
test-0b80bc9aa6ee43db,intersection,True,True,True,True,1,7,33,34,1,7,33,34,0,0,0,0
test-5ce298eab355760e,path,True,False,True,False,1225,9181,33,1258,1200,4399,33,1233,-25,-4782,0,-25
test-33dad3490b45511e,distractor,True,True,True,True,2,20,33,35,2,20,33,35,0,0,0,0
test-55e224c9b719c393,semantic_hybrid,True,True,True,True,11,29,33,44,11,29,33,44,0,0,0,0
test-429f804d09b4c739,robustness,True,True,True,True,254,2509,33,287,254,2509,33,287,0,0,0,0
test-358f07fd7350c8ce,path,True,True,True,True,10,49,33,43,10,49,33,43,0,0,0,0
test-4fb1f611f3edcfb8,path,True,True,True,True,3,223,33,36,3,223,33,36,0,0,0,0
test-0614f854c7f4555f,distractor,True,True,True,True,20,107,33,53,20,107,33,53,0,0,0,0
test-47322a8f5c760aae,intersection,True,True,True,True,1,8,33,34,1,8,33,34,0,0,0,0
test-04c0b69e0dedb69f,path,True,True,True,True,14,47,33,47,14,47,33,47,0,0,0,0
test-6e580b8edbfeb484,distractor,True,True,True,True,13,111,33,46,13,111,33,46,0,0,0,0
test-1c2f353d2a563b0d,semantic_hybrid,True,True,True,True,3,3,33,36,3,3,33,36,0,0,0,0
test-1e55533a51182f2e,robustness,True,True,True,True,6,11,33,39,6,11,33,39,0,0,0,0
test-7fbc40c85a4fbdd2,path,True,True,True,True,2,2,33,35,2,2,33,35,0,0,0,0
test-0f694fd43f0bcfa7,path,True,True,True,True,518,27776,33,551,518,27776,33,551,0,0,0,0
test-2ae89eddd8a51093,distractor,True,True,True,True,75,2363,33,108,75,2363,33,108,0,0,0,0
test-655a35142d25cf71,intersection,True,True,True,True,1,3,33,34,1,3,33,34,0,0,0,0
test-0eede8e4b70ae06a,path,True,True,True,True,11,36,33,44,11,36,33,44,0,0,0,0
test-6d34827afd243b0c,distractor,True,True,True,True,7,38,33,40,7,38,33,40,0,0,0,0
test-157158794e93d7c4,semantic_hybrid,True,True,True,True,14,261,33,47,14,261,33,47,0,0,0,0
test-51cb6f99d4616180,robustness,True,True,True,True,9,50,33,42,9,50,33,42,0,0,0,0
